matrix,run_type,schedule,chunk,threads,config,p90_time_ms,count
crankseg_1,sequential,sequential,-,-,seq,6.948099999999999,10
crankseg_1,parallel,static,1000,1,static_c1000_t1,7.0292,10
crankseg_1,parallel,static,100,2,static_c100_t2,3.6481,10
crankseg_1,parallel,static,10000,4,static_c10000_t4,2.1073,10
crankseg_1,parallel,static,1000,8,static_c1000_t8,1.2229999999999999,10
crankseg_1,parallel,static,1000,16,static_c1000_t16,0.6297999999999999,10
crankseg_1,parallel,static,10,32,static_c10_t32,0.6159999999999989,10
crankseg_1,parallel,static,1000,64,static_c1000_t64,0.26269999999999993,10
crankseg_1,parallel,dynamic,10000,1,dynamic_c10000_t1,7.121199999999999,10
crankseg_1,parallel,dynamic,10000,2,dynamic_c10000_t2,3.6195999999999997,10
crankseg_1,parallel,dynamic,10000,4,dynamic_c10000_t4,2.3188,10
crankseg_1,parallel,dynamic,100,8,dynamic_c100_t8,2.0248,10
crankseg_1,parallel,dynamic,10000,16,dynamic_c10000_t16,2.7478999999999996,10
crankseg_1,parallel,dynamic,10,32,dynamic_c10_t32,2.2478999999999996,10
crankseg_1,parallel,dynamic,100,64,dynamic_c100_t64,3.0989999999999958,10
crankseg_1,parallel,guided,1,1,guided_c1_t1,7.0893,10
crankseg_1,parallel,guided,1000,2,guided_c1000_t2,3.5812,10
crankseg_1,parallel,guided,100,4,guided_c100_t4,2.3918999999999997,10
crankseg_1,parallel,guided,1,8,guided_c1_t8,1.8721999999999999,10
crankseg_1,parallel,guided,1,16,guided_c1_t16,1.9494999999999998,10
crankseg_1,parallel,guided,100,32,guided_c100_t32,1.5708999999999995,10
crankseg_1,parallel,guided,1000,64,guided_c1000_t64,2.199599999999998,10
ldoor,sequential,sequential,-,-,seq,30.5773,10
ldoor,parallel,static,100,1,static_c100_t1,30.6425,10
ldoor,parallel,static,10000,2,static_c10000_t2,15.1093,10
ldoor,parallel,static,10000,4,static_c10000_t4,12.4046,10
ldoor,parallel,static,10000,8,static_c10000_t8,9.7146,10
ldoor,parallel,static,10000,16,static_c10000_t16,7.2799,10
ldoor,parallel,static,100,32,static_c100_t32,8.4056,10
ldoor,parallel,static,1,64,static_c1_t64,41.053200000000004,10
ldoor,parallel,dynamic,10000,1,dynamic_c10000_t1,30.3063,10
ldoor,parallel,dynamic,10000,2,dynamic_c10000_t2,16.038899999999998,10
ldoor,parallel,dynamic,10000,4,dynamic_c10000_t4,14.295599999999999,10
ldoor,parallel,dynamic,1000,8,dynamic_c1000_t8,11.715100000000001,10
ldoor,parallel,dynamic,10000,16,dynamic_c10000_t16,10.027399999999998,10
ldoor,parallel,dynamic,10,32,dynamic_c10_t32,15.1561,10
ldoor,parallel,dynamic,10,64,dynamic_c10_t64,36.3885,10
ldoor,parallel,guided,1000,1,guided_c1000_t1,25.389,10
ldoor,parallel,guided,1,2,guided_c1_t2,15.8107,10
ldoor,parallel,guided,1,4,guided_c1_t4,9.465100000000001,10
ldoor,parallel,guided,10,8,guided_c10_t8,10.1919,10
ldoor,parallel,guided,100,16,guided_c100_t16,10.4563,10
ldoor,parallel,guided,100,32,guided_c100_t32,39.6274,10
ldoor,parallel,guided,10000,64,guided_c10000_t64,119.69309999999999,10
msdoor,sequential,sequential,-,-,seq,10.9654,10
msdoor,parallel,static,1000,1,static_c1000_t1,11.136800000000001,10
msdoor,parallel,static,10000,2,static_c10000_t2,6.6273,10
msdoor,parallel,static,10000,4,static_c10000_t4,3.3892,10
msdoor,parallel,static,10000,8,static_c10000_t8,1.9903999999999997,10
msdoor,parallel,static,10000,16,static_c10000_t16,1.3821,10
msdoor,parallel,static,10000,32,static_c10000_t32,1.0987999999999998,10
msdoor,parallel,static,10000,64,static_c10000_t64,1.0363,10
msdoor,parallel,dynamic,100,1,dynamic_c100_t1,11.2796,10
msdoor,parallel,dynamic,10000,2,dynamic_c10000_t2,6.6241,10
msdoor,parallel,dynamic,1000,4,dynamic_c1000_t4,3.9362,10
msdoor,parallel,dynamic,100,8,dynamic_c100_t8,3.2049000000000003,10
msdoor,parallel,dynamic,10000,16,dynamic_c10000_t16,4.653499999999999,10
msdoor,parallel,dynamic,10000,32,dynamic_c10000_t32,4.4174999999999995,10
msdoor,parallel,dynamic,10,64,dynamic_c10_t64,3.6896,10
msdoor,parallel,guided,1000,1,guided_c1000_t1,12.9117,10
msdoor,parallel,guided,10,2,guided_c10_t2,6.4948,10
msdoor,parallel,guided,1,4,guided_c1_t4,3.8279,10
msdoor,parallel,guided,100,8,guided_c100_t8,4.3332,10
msdoor,parallel,guided,1,16,guided_c1_t16,4.445599999999999,10
msdoor,parallel,guided,10000,32,guided_c10000_t32,4.3081,10
msdoor,parallel,guided,1,64,guided_c1_t64,32.74689999999999,10
nd24k,sequential,sequential,-,-,seq,20.0778,10
nd24k,parallel,static,100,1,static_c100_t1,20.1442,10
nd24k,parallel,static,10000,2,static_c10000_t2,12.9019,10
nd24k,parallel,static,100,4,static_c100_t4,5.4651,10
nd24k,parallel,static,100,8,static_c100_t8,4.6484000000000005,10
nd24k,parallel,static,100,16,static_c100_t16,3.3826,10
nd24k,parallel,static,100,32,static_c100_t32,3.0141999999999998,10
nd24k,parallel,static,100,64,static_c100_t64,28.56279999999999,10
nd24k,parallel,dynamic,1000,1,dynamic_c1000_t1,20.0393,10
nd24k,parallel,dynamic,1000,2,dynamic_c1000_t2,10.1368,10
nd24k,parallel,dynamic,1000,4,dynamic_c1000_t4,7.8023,10
nd24k,parallel,dynamic,100,8,dynamic_c100_t8,7.1034999999999995,10
nd24k,parallel,dynamic,100,16,dynamic_c100_t16,6.6598,10
nd24k,parallel,dynamic,1000,32,dynamic_c1000_t32,6.5531999999999995,10
nd24k,parallel,dynamic,10000,64,dynamic_c10000_t64,8.104,10
nd24k,parallel,guided,1000,1,guided_c1000_t1,20.034899999999997,10
nd24k,parallel,guided,1,2,guided_c1_t2,10.036299999999999,10
nd24k,parallel,guided,100,4,guided_c100_t4,7.1024,10
nd24k,parallel,guided,1000,8,guided_c1000_t8,7.0806000000000004,10
nd24k,parallel,guided,1,16,guided_c1_t16,6.4448,10
nd24k,parallel,guided,10,32,guided_c10_t32,8.345099999999997,10
nd24k,parallel,guided,10000,64,guided_c10000_t64,26.003099999999996,10
Serena,sequential,sequential,-,-,seq,40.659299999999995,10
Serena,parallel,static,100,1,static_c100_t1,42.2196,10
Serena,parallel,static,10000,2,static_c10000_t2,21.925800000000002,10
Serena,parallel,static,10000,4,static_c10000_t4,18.127299999999998,10
Serena,parallel,static,10000,8,static_c10000_t8,12.5566,10
Serena,parallel,static,10000,16,static_c10000_t16,10.980799999999999,10
Serena,parallel,static,100,32,static_c100_t32,14.2739,10
Serena,parallel,static,10,64,static_c10_t64,46.4911,10
Serena,parallel,dynamic,1000,1,dynamic_c1000_t1,41.9722,10
Serena,parallel,dynamic,100,2,dynamic_c100_t2,22.8905,10
Serena,parallel,dynamic,1000,4,dynamic_c1000_t4,17.2748,10
Serena,parallel,dynamic,1000,8,dynamic_c1000_t8,17.924599999999998,10
Serena,parallel,dynamic,1000,16,dynamic_c1000_t16,17.598499999999998,10
Serena,parallel,dynamic,10,32,dynamic_c10_t32,23.787499999999998,10
Serena,parallel,dynamic,10,64,dynamic_c10_t64,38.7554,10
Serena,parallel,guided,10000,1,guided_c10000_t1,41.557,10
Serena,parallel,guided,10,2,guided_c10_t2,21.3914,10
Serena,parallel,guided,1,4,guided_c1_t4,19.0841,10
Serena,parallel,guided,10,8,guided_c10_t8,16.4181,10
Serena,parallel,guided,1000,16,guided_c1000_t16,15.117099999999999,10
Serena,parallel,guided,1,32,guided_c1_t32,21.6561,10
Serena,parallel,guided,10000,64,guided_c10000_t64,190.5084,10
